{
  "results": {
    "P_values": [
      4,
      5
    ],
    "tau_values": [
      0.1,
      0.01
    ],
    "l2fit_operator_int": [
      2.0263618707679835e-05,
      3.748631370347771e-06
    ],
    "l2fit_operator_max": [
      8.625820857279547e-05,
      2.4465624662416354e-05
    ],
    "l2fit_u_l2_int": [
      0.0001085609904749192,
      4.251441123615513e-05
    ],
    "l2fit_u_l2_max": [
      0.000391529995187621,
      0.00037355109702456673
    ],
    "l2fit_u_hdiv_int": [
      0.00010856099047491915,
      4.25144112361549e-05
    ],
    "l2fit_u_hdiv_max": [
      0.00039152999518762295,
      0.00037355109702456467
    ],
    "l2fit_u_hdiv_div_share_mean": [
      1.0491643550900787e-15,
      1.200993214391111e-15
    ],
    "l2fit_u_hdiv_div_share_max": [
      1.133121023942628e-14,
      1.3617101636625068e-14
    ],
    "l2fit_p_l2_int": [
      4.3834600517322725e-05,
      1.3963520090154808e-05
    ],
    "l2fit_p_l2_max": [
      0.00012350561551653072,
      0.0001242633335298972
    ],
    "hdiv_diagnostic_div_to_l2_fro": 479.9580763699449,
    "rom_errors": {
      "0.1": {
        "u_l2_mean": [
          0.07321092165525502,
          0.07320867714806914
        ],
        "u_l2_max": [
          0.17399281750602952,
          0.1739879152504237
        ],
        "u_hdiv_mean": [
          0.07321092165525492,
          0.07320867714806907
        ],
        "u_hdiv_max": [
          0.17399281750602966,
          0.17398791525042365
        ],
        "u_hdiv_div_share_mean": [
          1.5070231017020534e-16,
          5.806964746805744e-16
        ],
        "u_hdiv_div_share_max": [
          2.159050644337288e-15,
          5.297453743545817e-15
        ],
        "p_l2_mean": [
          0.023338853447071706,
          0.023338596786307293
        ],
        "p_l2_max": [
          0.04869374160777707,
          0.04869285940864991
        ]
      },
      "0.01": {
        "u_l2_mean": [
          0.0031615642639622136,
          0.003155804390400232
        ],
        "u_l2_max": [
          0.010359267391388267,
          0.010362731978040784
        ],
        "u_hdiv_mean": [
          0.003161564263962216,
          0.003155804390400233
        ],
        "u_hdiv_max": [
          0.010359267391388285,
          0.010362731978040789
        ],
        "u_hdiv_div_share_mean": [
          3.2269595920556737e-15,
          1.6769409170648409e-15
        ],
        "u_hdiv_div_share_max": [
          6.946888119099599e-15,
          6.388985209808261e-15
        ],
        "p_l2_mean": [
          0.0032528072397811562,
          0.003252849119136147
        ],
        "p_l2_max": [
          0.008487870216209479,
          0.008485282453307109
        ]
      }
    },
    "rom_modes": {
      "0.1": 6,
      "0.01": 9
    },
    "svals_u": [
      13.45219412826796,
      1.1942720491640808,
      1.0978626536202258,
      0.05951572132591469,
      0.0013211156048148116,
      4.428327385251519e-06,
      3.8575735073532185e-06,
      2.980866812800218e-06,
      9.903558702452299e-07,
      4.3732021549018944e-07,
      2.4954667593586507e-07,
      1.1815376277638351e-07,
      1.156251831006967e-07,
      1.0340512537734083e-07,
      8.76842042683035e-08,
      8.037825959025126e-08,
      7.524917981988925e-08
    ],
    "svals_p": [
      3.3776441808308673,
      1.1318255062170877,
      0.10125679547274881,
      0.013650422525172092,
      7.915562602769227e-05,
      5.771057903238744e-07,
      4.821413576843243e-08,
      2.9377188955486155e-08,
      1.96573909319776e-08,
      1.6422786939579127e-08,
      1.6109512320331535e-08,
      1.5615098744671728e-08,
      1.5270715837801797e-08,
      1.4987029775988294e-08
    ],
    "speed": {
      "n_test": 16,
      "n_repeats": 10,
      "mu_test": [
        [
          0.08217701239287256,
          0.2179073534099319
        ],
        [
          -0.13812797174167782,
          0.024876732149455016
        ],
        [
          -0.2754158856382832,
          -0.12017286567756913
        ],
        [
          -0.2900834186828825,
          -0.04638766728140492
        ],
        [
          0.18796214352016344,
          -0.2830081973127222
        ],
        [
          0.247653346366633,
          -0.22543003410026163
        ],
        [
          0.06398146546030792,
          0.1023746488161782
        ],
        [
          0.13769793659039903,
          0.08831370694455004
        ],
        [
          0.026174994879253732,
          0.0692310668887523
        ],
        [
          0.2610434542726609,
          -0.06979346744286993
        ],
        [
          0.18951213247291926,
          0.2983259614735266
        ],
        [
          -0.29835689989791114,
          0.2885012032657381
        ],
        [
          0.21444256595254158,
          0.11132519068841684
        ],
        [
          -0.2798486548167214,
          0.09027556576068979
        ],
        [
          0.13779326785796642,
          0.11306803834256407
        ],
        [
          -0.1946066276384646,
          -0.06664714561253773
        ]
      ],
      "rom_total_by_tau": {
        "0.1": [
          0.003460570005699992,
          0.003414060012437403
        ],
        "0.01": [
          0.0028313199523836373,
          0.0032909899950027467
        ]
      },
      "rom_per_solve_by_tau": {
        "0.1": [
          0.0002162856253562495,
          0.0002133787507773377
        ],
        "0.01": [
          0.00017695749702397733,
          0.00020568687468767167
        ]
      },
      "speedup_by_tau": {
        "0.1": [
          22.45539892087989,
          22.761310489134146
        ],
        "0.01": [
          27.446025627094368,
          23.612493532226633
        ]
      },
      "fom_times": [
        0.07771129999309778,
        0.07264139992184937,
        0.07589869992807508,
        0.07750310003757477,
        0.07584240008145571,
        0.08307259995490313,
        0.07971289986744523,
        0.07326049986295402,
        0.07575880014337599,
        0.08568309992551804
      ],
      "fom_total_mean": 0.07770847997162492,
      "fom_time_per_solve": 0.004856779998226557
    },
    "rom_r_components": {
      "0.1": {
        "r_p": 2.0,
        "r_s": 2.0,
        "r_u": 2.0
      },
      "0.01": {
        "r_p": 3.0,
        "r_s": 3.0,
        "r_u": 3.0
      }
    }
  },
  "speed_results": {
    "P_values": [
      4,
      5
    ],
    "tau_values": [
      0.1,
      0.01
    ],
    "speedup_by_tau": {
      "0.1": [
        22.45539892087989,
        22.761310489134146
      ],
      "0.01": [
        27.446025627094368,
        23.612493532226633
      ]
    },
    "rom_modes_by_tau": {
      "0.1": [
        6,
        6
      ],
      "0.01": [
        9,
        9
      ]
    },
    "rom_total_by_tau": {
      "0.1": [
        0.003460570005699992,
        0.003414060012437403
      ],
      "0.01": [
        0.0028313199523836373,
        0.0032909899950027467
      ]
    },
    "rom_per_solve_by_tau": {
      "0.1": [
        0.0002162856253562495,
        0.0002133787507773377
      ],
      "0.01": [
        0.00017695749702397733,
        0.00020568687468767167
      ]
    },
    "n_test": 16,
    "n_repeats": 10,